{"cameraMode":{"drawMode":0,"name":"Shaded","section":"Shading Mode"},"sceneLighting":true,"audioPlay":false,"sceneViewState":{"m_AlwaysRefresh":false,"showFog":true,"showSkybox":true,"showFlares":true,"showImageEffects":true,"showParticleSystems":true,"showVisualEffectGraphs":true,"m_FxEnabled":false},"in2DMode":false,"pivot":{"x":18.906051635742189,"y":2.490347146987915,"z":2.3324153423309328},"rotation":{"x":-0.02947155199944973,"y":0.8864103555679321,"z":-0.45844733715057375,"w":-0.05698637291789055},"size":2.0538742542266847,"orthographic":false}